{
  "best_model": "logistic regression",
  "selection_metric": "f1_score",
  "results": {
    "logistic regression": {
      "accuracy": 0.79,
      "precision": 0.831081081081081,
      "recall": 0.8785714285714286,
      "f1_score": 0.8541666666666666,
      "roc_auc": 0.8239285714285715,
      "confusion_matrix": [
        [
          35,
          25
        ],
        [
          17,
          123
        ]
      ],
      "classification_report": {
        "bad": {
          "precision": 0.6730769230769231,
          "recall": 0.5833333333333334,
          "f1-score": 0.625,
          "support": 60.0
        },
        "good": {
          "precision": 0.831081081081081,
          "recall": 0.8785714285714286,
          "f1-score": 0.8541666666666666,
          "support": 140.0
        },
        "accuracy": 0.79,
        "macro avg": {
          "precision": 0.752079002079002,
          "recall": 0.730952380952381,
          "f1-score": 0.7395833333333333,
          "support": 200.0
        },
        "weighted avg": {
          "precision": 0.7836798336798335,
          "recall": 0.79,
          "f1-score": 0.7854166666666665,
          "support": 200.0
        }
      }
    },
    "decision_tree": {
      "accuracy": 0.745,
      "precision": 0.7602339181286549,
      "recall": 0.9285714285714286,
      "f1_score": 0.8360128617363344,
      "roc_auc": 0.7541071428571429,
      "confusion_matrix": [
        [
          19,
          41
        ],
        [
          10,
          130
        ]
      ],
      "classification_report": {
        "bad": {
          "precision": 0.6551724137931034,
          "recall": 0.31666666666666665,
          "f1-score": 0.42696629213483145,
          "support": 60.0
        },
        "good": {
          "precision": 0.7602339181286549,
          "recall": 0.9285714285714286,
          "f1-score": 0.8360128617363344,
          "support": 140.0
        },
        "accuracy": 0.745,
        "macro avg": {
          "precision": 0.7077031659608792,
          "recall": 0.6226190476190476,
          "f1-score": 0.6314895769355829,
          "support": 200.0
        },
        "weighted avg": {
          "precision": 0.7287154668279895,
          "recall": 0.745,
          "f1-score": 0.7132988908558835,
          "support": 200.0
        }
      }
    },
    "random_forest": {
      "accuracy": 0.765,
      "precision": 0.7597765363128491,
      "recall": 0.9714285714285714,
      "f1_score": 0.8526645768025078,
      "roc_auc": 0.8413095238095237,
      "confusion_matrix": [
        [
          17,
          43
        ],
        [
          4,
          136
        ]
      ],
      "classification_report": {
        "bad": {
          "precision": 0.8095238095238095,
          "recall": 0.2833333333333333,
          "f1-score": 0.41975308641975306,
          "support": 60.0
        },
        "good": {
          "precision": 0.7597765363128491,
          "recall": 0.9714285714285714,
          "f1-score": 0.8526645768025078,
          "support": 140.0
        },
        "accuracy": 0.765,
        "macro avg": {
          "precision": 0.7846501729183293,
          "recall": 0.6273809523809524,
          "f1-score": 0.6362088316111305,
          "support": 200.0
        },
        "weighted avg": {
          "precision": 0.7747007182761372,
          "recall": 0.765,
          "f1-score": 0.7227911296876814,
          "support": 200.0
        }
      }
    }
  }
}